{"f1_score": 0.92018779342723, "accuracy": 0.9170731707317074}