{"f1_score": 0.9714285714285714, "accuracy": 0.9707317073170731}