{"f1_score": 0.9302325581395349, "accuracy": 0.926829268292683}