{"f1_score": 0.827906976744186, "accuracy": 0.8195121951219512}