{"f1_score": 0.9905660377358491, "accuracy": 0.9902439024390244}