{"f1_score": 0.8699551569506726, "accuracy": 0.8585365853658536}